﻿limitill,adl,pact,age,male
1,2,0,71,female
0,0,1,55,male
1,0,0,70,male
0,0,1,56,female
0,0,1,60,male
0,0,1,74,male
1,0,0,69,female
0,1,1,57,male
1,4,0,78,male
0,0,1,68,female
0,0,0,52,female
1,2,0,74,male
0,0,1,50,male
0,0,1,53,male
0,0,0,59,female
0,0,0,63,female
1,0,0,64,female
0,0,0,79,male
1,0,0,66,female
0,0,0,56,male
0,0,0,51,male
0,0,0,74,male
0,1,0,58,female
0,0,0,54,male
1,1,0,67,female
0,0,1,62,male
0,0,0,85,female
1,1,0,67,female
0,0,1,56,male
0,0,0,65,male
0,0,0,64,male
0,0,1,67,male
0,0,1,60,male
0,0,0,53,female
0,0,0,68,male
0,0,0,57,male
1,0,0,68,male
0,0,1,65,female
1,0,1,71,female
0,0,1,84,female
1,1,0,63,female
0,0,0,79,male
0,0,1,59,male
0,0,0,57,female
0,0,1,70,male
1,2,0,81,female
1,2,0,80,female
1,0,0,60,male
0,0,0,65,female
0,0,0,51,female
1,1,0,64,female
0,0,0,52,female
0,0,0,54,male
0,0,0,59,male
0,0,0,71,male
0,0,0,77,male
0,0,1,68,male
0,0,0,53,male
0,0,1,75,female
0,0,0,57,male
1,4,0,76,male
0,0,0,67,male
0,0,1,56,female
0,0,1,63,male
0,0,1,55,male
0,0,0,50,male
1,0,0,68,male
1,0,1,59,female
0,0,1,65,male
0,0,1,76,female
0,0,0,56,female
1,1,1,54,female
1,5,0,81,male
0,0,0,72,male
1,1,0,77,female
1,0,0,50,female
0,0,1,64,male
0,0,0,72,male
0,0,1,59,male
0,0,0,53,female
1,0,1,77,male
0,0,1,63,male
0,0,0,74,female
0,0,0,76,male
0,0,0,61,female
0,0,1,59,female
1,0,0,61,female
0,0,0,53,female
0,1,0,69,male
1,1,0,78,male
1,1,0,80,male
1,0,0,60,male
0,0,0,66,female
0,0,0,71,male
1,0,0,67,female
1,0,0,71,male
1,0,0,53,female
0,0,1,60,male
0,0,0,64,male
1,0,0,69,male
0,0,1,80,female
0,0,1,53,male
0,0,0,78,female
1,0,0,63,female
1,0,0,72,male
0,0,0,64,female
0,0,1,69,male
1,2,0,63,male
1,1,0,86,female
0,0,0,53,female
0,0,0,61,male
0,0,0,88,female
0,0,0,60,male
0,0,0,54,female
0,0,1,54,male
1,2,0,74,female
0,0,0,64,female
0,0,1,54,female
0,0,1,70,male
1,0,1,69,female
0,0,0,55,male
0,0,1,55,male
0,0,0,52,male
1,0,0,61,female
0,0,1,75,male
1,3,0,83,female
1,0,0,64,female
0,0,1,70,male
0,0,0,64,female
1,0,0,84,male
0,0,0,61,male
0,0,1,60,female
0,0,1,54,female
1,1,1,57,female
1,2,0,62,female
1,1,0,80,female
1,2,1,59,female
0,0,1,59,female
0,0,0,63,male
0,0,1,54,female
0,0,1,70,female
1,2,0,66,male
0,0,0,60,male
0,0,1,59,male
1,6,0,84,male
1,0,0,52,male
0,0,0,60,female
0,0,0,69,female
1,3,0,84,male
0,0,1,76,male
0,0,0,56,male
1,2,0,77,male
1,0,0,82,male
0,0,1,57,male
1,2,0,59,male
0,0,1,55,male
0,0,1,51,female
0,0,0,59,male
0,0,0,74,female
0,0,1,60,male
1,1,0,64,male
0,0,0,56,female
0,0,1,63,male
0,0,1,51,male
1,0,1,57,male
0,0,1,59,male
1,2,0,77,male
0,0,1,50,male
0,0,1,54,female
1,0,0,71,male
0,0,0,86,female
0,0,1,71,male
0,0,0,82,male
0,0,0,58,male
0,0,0,64,female
0,1,0,72,female
1,3,0,69,male
0,1,0,53,female
0,0,1,53,female
0,0,0,57,male
1,3,0,72,male
1,1,1,65,male
1,4,0,89,male
0,0,0,53,male
1,0,1,53,female
1,0,0,88,female
0,0,0,69,male
1,0,0,83,female
1,0,0,64,male
1,0,0,72,female
0,0,0,62,female
1,1,0,65,female
0,0,0,64,male
1,2,0,63,female
0,1,0,59,female
0,0,0,70,male
0,0,1,58,male
1,0,0,67,female
0,0,1,63,female
1,2,1,77,male
0,0,1,67,female
1,0,0,52,female
0,0,0,78,female
1,0,1,59,male
0,0,1,74,female
0,0,0,81,female
0,0,0,56,male
0,0,1,50,female
0,0,1,53,male
0,1,0,59,male
0,1,0,52,female
1,0,1,74,female
0,0,0,80,male
0,0,0,80,female
1,0,0,80,male
1,1,0,86,male
1,2,0,68,male
0,0,0,83,male
0,0,1,57,male
1,0,0,88,male
0,0,1,51,female
0,0,0,67,female
0,0,0,73,female
0,0,1,51,male
0,1,0,61,male
1,0,0,77,female
0,0,0,52,female
1,0,0,62,male
1,1,0,79,female
0,0,1,51,male
0,0,0,51,male
0,0,0,66,female
0,0,1,59,male
0,0,0,71,female
0,0,0,60,female
1,0,0,73,female
0,0,0,68,male
0,0,1,52,female
1,2,0,74,male
0,0,0,79,male
1,1,0,69,female
1,3,0,57,female
0,0,1,67,female
1,0,0,72,female
0,0,1,57,male
1,0,0,61,female
1,0,0,68,male
0,0,1,70,male
0,0,0,57,male
0,0,0,55,male
0,0,0,57,male
1,0,1,61,female
0,2,0,72,male
1,0,0,63,male
0,0,1,67,female
0,0,1,67,male
0,1,0,70,female
0,0,0,58,female
1,2,0,73,female
1,0,0,59,female
0,0,1,69,male
1,4,0,77,female
0,0,0,70,female
1,0,0,72,female
1,2,0,65,male
0,0,0,63,male
0,0,1,82,female
0,0,0,51,male
0,0,0,66,male
1,1,0,77,female
0,0,1,68,female
0,0,0,68,female
0,0,0,56,female
1,1,0,65,male
0,0,1,51,female
0,0,1,66,female
1,0,1,55,male
0,0,1,50,female
1,0,1,75,female
0,0,0,82,male
1,0,0,58,male
0,0,0,69,female
0,0,0,68,male
0,0,0,69,female
0,0,0,61,female
0,0,1,52,male
0,0,1,64,female
0,0,1,66,male
1,1,0,56,male
0,0,1,72,female
1,0,1,76,female
0,0,1,82,female
1,0,0,66,male
1,1,0,85,female
0,0,0,59,female
0,0,0,57,male
0,0,0,63,female
1,0,0,56,female
0,0,0,53,female
0,0,0,57,female
0,0,0,54,male
1,2,0,86,female
1,0,0,53,male
0,0,1,78,female
0,0,0,57,male
1,0,1,74,female
1,2,0,80,male
0,0,1,63,female
0,0,0,53,male
1,0,0,72,male
0,0,0,56,female
0,0,0,63,female
1,2,0,79,male
0,0,1,67,female
0,0,1,62,male
1,0,0,54,male
0,0,0,58,male
0,0,0,60,female
1,0,1,60,male
1,0,1,52,female
0,0,0,71,female
0,0,1,54,male
0,0,0,54,male
0,1,1,61,male
1,2,0,56,male
0,0,1,53,male
1,0,1,61,male
1,1,0,63,male
0,0,0,61,female
1,0,0,55,male
0,0,0,55,male
1,0,0,61,male
0,0,1,82,female
1,2,0,70,male
0,0,0,55,male
0,0,1,56,male
0,1,1,65,female
1,1,0,51,female
0,0,0,64,male
1,4,0,57,female
0,1,1,79,male
1,1,1,62,male
1,1,0,74,female
0,0,0,79,female
0,0,1,54,male
0,1,1,60,male
0,0,1,52,male
1,0,0,58,male
0,0,0,60,male
0,0,0,72,male
0,0,0,50,female
0,0,0,68,female
1,0,0,55,female
0,0,0,53,male
0,0,0,56,male
0,1,0,66,male
0,0,0,55,male
0,0,0,66,female
0,0,1,67,male
0,0,0,53,male
0,0,0,60,male
1,0,0,69,male
0,0,0,67,male
0,0,0,65,male
1,0,0,88,female
0,0,1,55,female
0,1,0,70,male
0,0,0,68,male
0,1,1,51,male
1,0,1,74,male
1,0,1,54,female
1,0,0,80,male
1,0,0,56,female
0,0,0,72,male
0,0,0,52,male
0,1,0,74,male
1,1,0,84,male
0,0,0,51,male
0,0,0,64,male
1,0,0,72,female
0,0,0,60,male
0,0,0,64,male
0,0,1,58,male
0,0,0,55,male
0,0,1,60,female
0,0,1,51,female
1,1,0,60,male
0,0,0,60,female
0,0,1,57,female
0,0,1,79,male
0,0,0,55,male
0,1,1,54,male
0,0,0,73,male
0,0,0,80,male
0,0,1,65,female
0,1,1,51,female
0,0,1,56,male
0,0,1,66,female
1,1,1,77,female
1,0,0,53,female
0,0,1,64,female
1,0,0,73,male
1,0,0,56,female
0,0,0,70,male
0,0,0,60,male
1,3,0,77,male
1,0,1,53,male
0,0,0,53,male
0,0,1,55,male
0,0,1,63,female
0,0,0,78,male
0,0,0,73,female
0,0,0,51,male
0,0,0,65,female
0,0,1,54,female
0,0,1,63,male
1,0,0,54,male
1,1,1,66,female
0,0,0,53,male
0,0,0,70,female
1,0,0,79,female
0,0,1,57,female
0,0,1,64,male
1,3,0,55,male
0,0,0,67,male
0,0,0,64,male
0,1,0,64,female
1,0,0,83,male
0,0,0,62,female
0,1,0,76,female
1,0,1,53,female
0,0,0,68,female
1,2,0,76,female
0,0,1,50,male
1,0,1,76,male
1,0,0,75,male
0,0,0,72,male
0,0,0,66,female
0,0,1,61,male
1,2,0,82,female
0,1,1,64,female
0,0,0,65,male
0,0,1,70,female
0,0,1,66,female
1,3,0,81,male
1,0,0,64,male
1,0,1,69,female
0,0,0,79,male
0,0,1,54,male
0,0,0,59,female
0,0,1,55,female
1,0,1,71,female
0,0,0,84,female
1,0,0,61,male
0,0,0,71,female
1,0,1,58,male
0,0,1,56,female
1,0,0,61,female
0,0,0,74,female
0,0,0,55,male
0,0,1,79,female
0,0,0,52,female
0,1,1,80,female
1,0,0,77,female
0,1,0,83,female
0,0,0,77,female
1,2,0,81,male
1,1,0,58,female
0,0,0,75,male
1,1,0,76,female
1,0,0,62,male
1,1,0,84,male
1,1,0,76,female
0,0,0,53,female
1,0,0,78,male
0,0,1,56,male
0,0,0,59,female
0,0,1,51,male
0,0,1,59,male
0,0,1,72,female
1,0,0,77,female
1,0,1,71,female
0,0,0,65,female
0,0,0,54,male
1,0,0,75,male
1,0,1,52,male
0,0,1,56,female
0,0,0,52,male
0,0,0,77,male
0,0,0,62,male
0,0,1,60,male
1,0,0,65,male
0,0,1,63,male
0,0,1,54,female
0,0,1,70,male
0,0,0,63,female
0,0,1,78,female
0,0,1,67,male
0,0,0,66,male
0,0,0,70,female
0,0,1,66,male
0,0,0,71,female
0,0,1,61,female
0,0,1,81,female
1,1,1,76,female
0,0,0,57,male
0,0,1,73,male
1,1,0,70,male
1,0,1,60,male
0,0,1,63,female
1,0,0,60,male
1,5,0,72,female
0,0,0,59,male
1,0,1,66,male
0,1,0,86,male
0,0,0,68,female
0,0,0,64,male
1,1,0,74,female
0,0,1,55,female
0,0,1,50,female
0,0,1,67,male
1,0,0,66,male
0,0,0,73,male
1,0,1,57,male
0,0,1,51,female
0,0,1,60,male
0,0,0,61,male
0,0,0,55,female
0,0,0,66,female
1,0,1,62,female
0,0,1,67,female
0,0,1,85,female
0,0,1,66,male
0,0,0,76,female
0,0,0,67,male
1,0,0,80,female
0,0,0,68,male
0,0,1,76,female
1,3,0,64,female
0,0,0,68,male
1,0,1,70,female
0,0,1,65,male
1,1,0,65,male
0,0,0,55,female
0,0,1,54,female
0,0,0,59,male
0,0,0,56,female
1,1,0,60,female
0,0,0,77,female
0,0,1,62,female
0,1,0,67,female
0,0,0,67,male
1,0,0,75,female
1,2,0,73,male
0,0,0,68,female
1,0,0,61,female
0,0,1,70,female
1,1,1,75,male
0,0,1,71,female
0,0,0,74,female
